{
  "name": "电缆",
  "icon": "ad_astra:desh_cable",
  "sortnum": 4,
  "category": "ad_astra:the_moon",
  "pages": [
    {
      "type": "patchouli:spotlight",
      "title": "电缆",
      "item": "ad_astra:desh_cable",
      "text": "线缆是进行长距离电能传输的首选工具。一共有两种电缆可供选择：钢电缆和戴斯电缆——相比于钢电缆，戴斯电缆有着更高的传输速率。手持扳手右击电缆可以调整延伸方向，并与网络中的节点断开连接。"
    },
    {
      "type": "patchouli:crafting",
      "recipe": "ad_astra:steel_cable",
      "recipe2": "ad_astra:desh_cable"
    },
    {
      "type": "patchouli:crafting",
      "recipe": "ad_astra:wrench"
    },
    {
      "type": "patchouli:text",
      "title": "电缆管道",
      "text": "电缆并不是完整方块。因此，它们不会密封结构，使得氧气分配器和重力规正器无法起作用。电缆管道则时完整方块，其工作原理与电缆完全相同，同时还能防止泄漏。"
    },
    {
      "type": "patchouli:crafting",
      "recipe": "ad_astra:cable_duct"
    }
  ]
}