{
  "name": "月球村民",
  "icon": "ad_astra:moon_stone_bricks",
  "sortnum": 5,
  "category": "ad_astra:the_moon",
  "pages": [
    {
      "type": "patchouli:spotlight",
      "title": "月球村民",
      "item": "ad_astra:moon_stone_bricks",
      "text": "整个月球上，遍布着无数的地下村庄，其中的月球村民称自己为“Lunarians”。不同于我们所熟悉的、生活在地球上的村民，月球村民不需要呼吸氧气，也可以在月球的严寒中生存。"
    },
    {
      "type": "patchouli:entity",
      "entity": "ad_astra:lunarian",
      "default_rotation": 45
    },
    {
      "type": "patchouli:text",
      "text": "月球村民交易许多新奇的商品，包括所在星球的特殊材料、航天服和各式氧气装备等。"
    },
    {
      "type": "patchouli:spotlight",
      "title": "月球流浪商人",
      "item": "ad_astra:lunarian_wandering_trader_spawn_egg",
      "text": "月球流浪商人会出现在每个行星和它们的卫星上。它们的许多货物都是进行星际旅行时的必需品，或许能在危急时刻就你一命：发射台、氧气、燃油、照明用具和水。它们使用绿宝石作为货币，这是各个星球的遗迹宝藏中的常客。"
    },
    {
      "type": "patchouli:entity",
      "name": "月球流浪商人",
      "entity": "ad_astra:lunarian_wandering_trader",
      "default_rotation": 45,
      "scale": 0.8
    }
  ]
}