{
  "name": "氧气分配器",
  "icon": "ad_astra:oxygen_distributor",
  "sortnum": 2,
  "category": "ad_astra:the_moon",
  "pages": [
    {
      "type": "patchouli:spotlight",
      "title": "氧气分配器",
      "item": "ad_astra:oxygen_distributor",
      "text": "氧气分配器可以将氧气扩散到一个密闭空间内，维持其中的生命。它与氧气装载器的工作方式相同，但不同的是，它会直接将产出的氧气扩散到四周。"
    },
    {
      "type": "patchouli:spotlight",
      "title": "水泵",
      "item": "ad_astra:water_pump",
      "text": "当你需要不限量的氧气供应时，水泵是必要的。将水泵放置在无限水源的上方，并在相邻处放置一台氧气分配器，再保证它们有充足的电能供应即可。"
    },
    {
      "type": "patchouli:crafting",
      "title": "氧气分配器和水泵",
      "recipe": "ad_astra:oxygen_distributor",
      "recipe2": "ad_astra:water_pump"
    },
    {
      "type": "patchouli:text",
      "title": "使用氧气分配器",
      "text": "当你的氧气分配器有了了充足的水源、能量供应后，它会开始为所在的密闭空间供氧。点击GUI界面中的“显示”按钮可以查看氧气的分配状态。如果所在空间被高亮显示，则表示氧气已成功分配。"
    },
    {
      "type": "patchouli:text",
      "text": "如果氧气分配器所在的空间不是完全密闭的，氧气会从某个孔洞中逸出，此时氧气分配器的GUI界面中会弹出警告。这时，你需要尽快补上漏洞以防止额外的能量浪费。在那之后，你无需穿戴航天服也可以呼吸到新鲜的空气了。每个氧气分配器最多可以为6000个方块的空间供氧，足够覆盖一个中等大小的空间站或基地建筑。如果你要为更大的空间供氧，只需放置更多的氧气分配器即可。"
    },
    {
      "type": "patchouli:text",
      "title": "通风",
      "text": "在充满氧气的结构内部，你应该提供适当的通风，以确保在门关闭时氧气不会被堵塞。为此，你可以在墙壁之间创建一个方块的间隙，或者使用通风口方块来允许氧气流动。"
    },
    {
      "type": "patchouli:text",
      "title": "快速减压",
      "text": "当你的结构完全密封，又出现了一个孔时，你的结构将迅速减压。这可能是一个灾难性的事件。里面的所有实体都会被猛烈地从洞里吸出来，在没有宇航服的情况下死去。氧气分配器还将迅速消耗氧气和电力。务必尽快修补孔洞并防止意外产生孔洞来避免这种情况。"
    }
  ]
}