{
  "name": "准备发射",
  "icon": "ad_astra:tier_1_rocket",
  "sortnum": 8,
  "category": "ad_astra:the_first_launch",
  "pages": [
    {
      "type": "patchouli:text",
      "text": "$(#ff0000)请严格遵守以下步骤！$()任何操作不当都有可能让你的旅行变得无比艰难，甚至可能会将你困在月球上！$(br2)如果你还想回到地球，请务必随身携带一块发射台和三桶燃油。"
    },
    {
      "type": "patchouli:text",
      "text": "将它们放进火箭的物品栏中，在每次发射前都确保携带着这两样物品是个不折不扣的好习惯。除此之外，你还需要带上些生存必需品：多个注满了氧气的储罐、足够的食物、灵魂火把或荧石等无需消耗氧气的照明工具、强力的武器，以及开疆拓土的各种工具。准备得当后，登上火箭，按下$(k:jump)，开始发射！"
    }
  ]
}