{
  "name": "月球",
  "icon": "ad_astra:/textures/environment/moon.png",
  "sortnum": 9,
  "category": "ad_astra:the_first_launch",
  "pages": [
    {
      "type": "patchouli:spotlight",
      "title": "月球",
      "item": "ad_astra:desh_ingot",
      "text": "恭喜抵达月球！目之所及，月球表面尽是荒芜，黯淡地沉寂着。然而，拨开灰色的土壤和岩石，你却可以找到丰富的矿藏，其中就有你在模组中见到的第一种外星材料——戴斯！戴斯可以用于更多机器、空间站和二级火箭的建造。"
    },
    {
      "type": "patchouli:text",
      "title": "月球环境",
      "text": "月球的环境与地球大相径庭。由于月球没有氧气并且正在极端低温，试图放置水会冻结，并且燃烧的方块，例如火把，会破坏。任何植物生命和庄稼也会很快的死亡。为了抵御这些不良影响，你可以构建一个氧气分配器，我们稍后将介绍。"
    },
    {
      "type": "patchouli:text",
      "title": "返航",
      "text": "想念地球了吗？潜行时右击你的着陆舱，收集你的火箭、燃油和发射台，然后左键击打着陆舱以取走它。剩下的操作和来时大差不差：放下发射台，摆放好火箭，加满燃油，然后按下$(k:jump)。回家咯！"
    }
  ]
}