{
  "has_precipitation": true,
  "temperature": 0.5,
  "downfall": 0.8,
  "effects": {
    "foliage_color": -13408768,
    "grass_color": -13369498,
    "sky_color": -205,
    "fog_color": -205,
    "water_color": -3342388,
    "water_fog_color": -52
  },
  "spawners": {
    "monster": [
      {
        "type": "zombie",
        "weight": 20,
        "minCount": 4,
        "maxCount": 4
      },
      {
        "type": "zombie_villager",
        "weight": 2,
        "minCount": 4,
        "maxCount": 4
      },
      {
        "type": "zombified_piglin",
        "weight": 5,
        "minCount": 4,
        "maxCount": 4
      }
    ],
    "creature": [],
    "ambient": [],
    "axolotls": [],
    "underground_water_creature": [],
    "water_creature": [],
    "water_ambient": [],
    "misc": []
  },
  "spawn_costs": {},
  "carvers": {
    "air": [
      "minecraft:cave",
      "minecraft:cave_extra_underground",
      "minecraft:canyon"
    ]
  },
  "features": [
    [],
    [
      "minecraft:lake_lava_underground"
    ],
    [],
    [],
    [],
    [],
    [
      "minecraft:ore_coal_upper",
      "minecraft:ore_coal_lower",
      "minecraft:ore_iron_upper",
      "minecraft:ore_iron_middle",
      "minecraft:ore_iron_small",
      "minecraft:ore_gold",
      "minecraft:ore_gold_lower",
      "minecraft:ore_redstone",
      "minecraft:ore_redstone_lower",
      "minecraft:ore_diamond",
      "minecraft:ore_diamond_large",
      "minecraft:ore_diamond_buried",
      "minecraft:ore_lapis",
      "minecraft:ore_lapis_buried",
      "minecraft:ore_copper",
      "minecraft:underwater_magma"
    ],
    [],
    [],
    [
      "kubejs:w_ancient_world_tree"
    ],
    [
      "minecraft:freeze_top_layer"
    ]
  ]
}