{
  "name": "流体管道",
  "icon": "ad_astra:ostrum_fluid_pipe",
  "sortnum": 4,
  "category": "ad_astra:surviving_mars",
  "pages": [
    {
      "type": "patchouli:spotlight",
      "title": "流体管道",
      "item": "ad_astra:ostrum_fluid_pipe",
      "text": "流体管道和电缆相似，但是只能用于传输流体。手持扳手右击流体管道可以切换传输模式：“无”“正常”“并流”和“分流”。"
    },
    {
      "type": "patchouli:crafting",
      "text": "“分流”管道会从网络中抽出流体，而“并流”管道则会将流体并入网络中。",
      "recipe": "ad_astra:desh_fluid_pipe"
    },
    {
      "type": "patchouli:crafting",
      "recipe": "ad_astra:ostrum_fluid_pipe",
      "recipe2": "ad_astra:wrench"
    },
    {
      "type": "patchouli:crafting",
      "recipe": "ad_astra:fluid_pipe_duct",
      "text": "类似于电缆，流体管道也有一个入墙形式的完整方块，用于安全传输流体并保持结构密封。"
    }
  ]
}